numero_cuenta,nombre_cliente,saldo_actual,ultima_transaccion
1,Murielle Rummings,6426388,12/24/2019
2,Romona Alfonzo,7419596,5/25/2022
3,Steffane Heimes,5454924,1/1/2022
4,Reggis Mullally,5624386,12/12/2021
5,Quentin Burgott,5774689,11/10/2019
6,Akim Weekly,3150132,10/24/2021
7,Maryanna Frenzel;,5614642,3/13/2022
8,Emmet Tree,2624920,9/4/2020
9,Randal Sappson,3704271,7/30/2021
10,Anneliese Caldero,1887309,1/20/2020
11,Cordi Oliveira,6579265,10/4/2020
12,Blaire Pashan,5917585,4/18/2020
13,Jewell Forsdicke,1496376,6/18/2020
14,Aldrich Mowett,7241099,6/28/2020
15,Glen Vannar,7280026,7/14/2021
16,Vergil Petroulis,2052960,5/11/2022
17,Klara Loton,1873657,3/29/2021
18,Towney Ligertwood,3073964,6/9/2021
19,Osbourn Storton,6388784,3/27/2022
20,Orella De Gregoli,5045275,2/15/2021
21,Lorelei McManamen,8425123,3/31/2020
22,Kain Evelyn,1335388,1/6/2022
23,Yetty Goreisr,616291,5/4/2022
24,Charles Ubsdale,6948842,2/16/2022
25,Jose Marzele,6845922,2/5/2020
26,Chen O'Callaghan,8894307,10/25/2019
27,Tobie Beaten,4592001,2/12/2020
28,Sigmund Heavens,4252523,4/28/2020
29,Phoebe Cristofalo,6537705,6/28/2022
30,Jerrilyn Wheater,838801,7/3/2020
31,Mabel Whetland,4534920,5/27/2020
32,Maisie Du Plantier,3823912,8/31/2020
33,Cecil Ponceford,3770638,3/9/2020
34,Bridget Allden,5394829,10/19/2021
35,Germayne McNally,3643623,1/12/2022
36,Agata Penwell,1031928,3/7/2022
37,Hetty Blencoe,6183241,3/14/2021
38,Kinnie Janowski,2927240,9/4/2021
39,Manya Kitteringham,4392490,6/26/2020
40,Gray Joska,5518119,10/15/2019
41,Leonid Gilkes,2351904,7/31/2022
42,Barrett Ball,8789762,1/2/2022
43,Benedikt Rathe,6993432,1/22/2022
44,Tori Fidock,3710732,8/5/2022
45,Neysa Coulling,8701058,3/19/2021
46,Rikki Ianelli,6770672,2/17/2022
47,Georgette Fideler,4164248,10/17/2021
48,Jaclin Cumberlidge,4942050,8/29/2022
49,Oralle Blackborn,8775422,12/2/2020
50,Leonie Hawse,3584705,3/2/2022
51,Ricki O'Clery,4271852,11/25/2019
52,Ailyn Bradick,85276,3/27/2020
53,Wenona Avey,5950914,2/23/2022
54,Odetta Klicher,7306910,2/8/2021
55,Clemens Penrose,627129,7/28/2022
56,Hildegarde Martinyuk,2957135,8/6/2021
57,Tanner Getty,6576171,7/4/2021
58,Vonni Barter,3714361,9/3/2020
59,Kirk Drakes,2164633,5/30/2022
60,Ginger Vasiljevic,4418499,8/1/2022
61,Annissa Copozio,4991317,10/19/2019
62,Nickie Stainton - Skinn,6360273,3/16/2021
63,Meredith Blaylock,8225593,3/8/2022
64,Morten Paradise,3640204,2/27/2022
65,Bar Terrazzo,1139068,4/29/2020
66,Hope Phipson,6661276,10/20/2019
67,Shawn Muncaster,2896993,10/21/2020
68,Anastasie Banasiak,6013704,11/19/2019
69,Daveta Haldenby,2671213,6/15/2020
70,Lissa Hartrick,1164955,6/24/2020
71,Avery Slaney,4352362,4/14/2022
72,Consalve Catonnet,7249046,4/12/2020
73,Valaree Draayer,938489,10/1/2021
74,Austin Edlin,4765068,6/11/2022
75,Jarvis Momery,34667,3/23/2020
76,Phaedra Campling,1934423,3/11/2021
77,Emmeline Dow,6251615,8/4/2020
78,Deeann Colquyte,4121418,2/9/2021
79,Desiree Troni,8003719,3/19/2021
80,Isabelita Gadsby,7919285,9/27/2019
81,Celle Nield,2461220,4/15/2021
82,Shamus Tofpik,8843278,12/23/2020
83,Carly Westnage,2774391,9/25/2021
84,Rosalynd Cancellor,813114,4/3/2022
85,Randall Cleaves,8630712,10/13/2020
86,Ortensia Cogswell,6574171,5/25/2021
87,Bibbie Nichol,4735356,5/24/2022
88,Kamilah Hunnaball,7160285,12/11/2019
89,Bunni Elbourn,4920538,10/11/2021
90,Frank Skingle,8158520,9/5/2020
91,Benni Busst,4039280,9/6/2021
92,Aubrey Scutt,3110135,5/1/2021
93,Johna Doghartie,928554,11/6/2019
94,Elysia Heinonen,3226115,6/4/2022
95,Tilly Habbon,4812157,8/27/2022
96,Johannes Pabst,8004356,9/5/2019
97,Shanie Gavey,446318,8/6/2022
98,Dalila Butson,200948,12/12/2020
99,Lissy Roderick,3990837,9/8/2019
100,Val Feighry,3276343,12/18/2021
101,Patience Kike,1438354,12/22/2020
102,Odella Cheshire,5310133,5/29/2020
103,Betteann Eastope,6879424,7/25/2022
104,Gaile Basley,405834,9/21/2020
105,Mommy Riggulsford,5493680,7/6/2022
106,Roscoe Ganny,3535163,12/19/2021
107,Allyn Bothen,1579165,5/2/2022
108,Corine Dewey,4237332,12/17/2019
109,Marni Djurisic,4985079,10/7/2019
110,Marianne Vanyashkin,2754757,7/27/2020
111,Dimitri Bison,5291421,1/9/2020
112,Kennan Avraham,2071145,9/18/2021
113,Aprilette Gebhard,7244507,9/23/2019
114,Chrissie Ewer,547819,10/27/2020
115,Vitoria Bransby,777787,2/19/2022
116,Lu Ashingden,4384333,4/5/2022
117,Kass Livard,8261270,3/28/2021
118,Lorinda Brophy,5523459,3/23/2022
119,Obie Cosyns,1839032,12/20/2021
120,Lona Maxted,3784763,12/17/2021
121,Chuck Croxford,4752082,10/22/2021
122,Corette Poynton,5381687,3/28/2021
123,Candy Betts,4939636,10/6/2019
124,Giovanni Lempke,4347312,5/4/2020
125,Gayle Gracewood,1206854,7/28/2020
126,Loren Loveman,6323767,4/30/2020
127,Cristobal Dameisele,8929281,2/2/2021
128,Keven Ladyman,905468,10/20/2019
129,Ewen Bestwick,2696962,11/14/2021
130,Lynna Noakes,1616751,11/5/2020
131,Charmion Nand,8154125,11/24/2021
132,Tiffi Stilgoe,1182902,1/7/2021
133,Leslie Antoniak,8516544,3/2/2021
134,Eamon Macer,8056476,3/17/2020
135,Hillard Mansbridge,3044010,12/5/2019
136,Sully Keson,5929638,9/23/2021
137,Sileas Slyne,1305627,4/5/2020
138,Elisabet Friedman,3200875,7/16/2021
139,Deborah Curnokk,4173356,10/24/2021
140,Iorgos Beggin,7107772,4/16/2022
141,Austina Milroy,1716269,7/13/2021
142,Wang Greedyer,8994576,4/14/2022
143,Ruggiero Dowdle,3655934,9/9/2021
144,Maje Cresser,5862320,10/13/2021
145,Welby Whitelock,8755659,9/25/2019
146,Archambault Mateuszczyk,4161919,7/16/2021
147,Horatius Gallaway,926966,9/9/2020
148,Holt Percy,2565643,11/13/2019
149,Kylila Danell,3114275,10/17/2019
150,Nonie Lanfranconi,5262105,12/30/2021
151,Randell Mayne,4730387,8/25/2021
152,Cornall de Leon,6200006,10/18/2020
153,Iolanthe Sustin,3004126,10/25/2021
154,Laura Van Dale,7551687,6/6/2022
155,Antonius Newborn,6140688,1/12/2022
156,Niccolo Thomason,6950896,7/22/2021
157,Emmery Maddock,3962006,8/29/2022
158,Sam Dole,8706933,4/24/2021
159,Sylas Readitt,7003627,11/17/2021
160,Meg McCandie,3386414,12/12/2021
161,Susann Prentice,5267579,7/19/2021
162,Vicki Elsmore,7127322,10/2/2021
163,Flora Williamson,8203647,10/25/2020
164,Serena Connealy,403791,2/21/2022
165,Dale Himsworth,4556290,8/12/2022
166,Shae Dranfield,4695912,6/18/2022
167,Marc Loble,6927229,2/27/2020
168,Evita Nesbitt,6140424,9/17/2020
169,Kelsi Dasent,5170003,11/7/2019
170,Laurianne Caseri,8831744,3/27/2021
171,Reynard Powelee,3332693,1/22/2022
172,Philipa Guynemer,4661510,7/5/2020
173,Alfons Goulter,3296566,11/1/2021
174,Carny Bartelli,8392069,8/27/2021
175,Torre Kennicott,4859655,7/30/2022
176,Rudie Kernar,6930457,1/7/2022
177,Vally Ronci,1018575,1/14/2022
178,Hubey Baiyle,3369714,7/16/2020
179,Andreas Espinha,7446826,12/23/2019
180,Petrina Allibon,118974,8/13/2020
181,Tina Pedrozzi,2555837,8/2/2021
182,Andreana Ible,1681328,4/29/2020
183,Jelene Crook,8080583,3/26/2020
184,Mark MacTrustrie,5954972,10/13/2021
185,Isidora Kenen,3575746,7/9/2020
186,Florette Di Batista,6468920,9/24/2020
187,Jedd Fretwell,2673096,5/29/2020
188,Erick Mongan,377900,6/14/2020
189,Jerrine Olenchenko,5870999,4/3/2022
190,Lucio Hadeke,4741714,12/24/2020
191,Julita Salery,997483,10/14/2020
192,Deane Fauning,2062454,5/29/2022
193,Wilow Watsam,8556512,9/15/2021
194,Jedidiah Wonham,3418904,7/26/2020
195,Hyacinthe Gennerich,6820115,6/29/2022
196,Eamon Schach,7339248,1/9/2021
197,Kat Sudworth,3222390,2/21/2021
198,Rodolfo Berndtssen,8438027,12/18/2019
199,Alleen Upfold,2955929,1/4/2020
200,Marsha Littledyke,1012871,5/24/2022
201,Jody Maurice,5557672,1/30/2022
202,Giorgi Yurkov,7947791,2/15/2020
203,Park Gudde,2300738,12/19/2019
204,Scarlett Domerc,3767531,7/11/2020
205,Rhoda Hovee,3060717,10/9/2019
206,Alfy Mityashin,2072145,3/21/2020
207,My Mc Carrick,5282676,11/29/2021
208,Charmion Littlefield,3603727,10/21/2019
209,Tammie Albery,866716,10/12/2019
210,Demeter Mattheeuw,5393625,6/5/2021
211,Eydie Puleque,1208269,6/9/2020
212,Kain Cahill,8765891,2/25/2022
213,Eddy Keough,8558055,12/3/2020
214,Dara Vasquez,5243790,2/28/2021
215,Kris Flewan,2281655,3/25/2022
216,Tasha Sprowson,965365,4/29/2020
217,Maxwell Pirelli,288156,8/1/2021
218,Gaelan Toal,5304683,12/10/2021
219,Vivyanne Feldmann,7275647,7/10/2021
220,Sanderson Ferdinand,1772354,2/3/2020
221,Danny Hubberstey,1932472,3/9/2021
222,Joseph Gary,4667474,7/22/2020
223,Randa Costelow,6710739,2/10/2020
224,Kendra Ebden,2512583,10/28/2020
225,Robenia Yakubowicz,4778309,11/6/2019
226,Udell Bremmer,7445791,2/28/2021
227,Esme Tyrrell,7954316,1/29/2020
228,Loleta Folliott,8851267,12/13/2019
229,Pepito M'Quhan,4439514,9/23/2019
230,Odelia Sarch,5433297,3/16/2021
231,Emmanuel Polle,270350,6/4/2022
232,Bee Leahair,8247061,1/2/2020
233,Maggie Hayne,4047592,1/6/2021
234,Estell Allitt,1959623,5/13/2020
235,Michell Crummey,2451197,5/21/2020
236,Pernell Willox,5036557,7/20/2021
237,Daniella Leroux,1845528,12/30/2019
238,Celina Boncore,1043920,6/8/2020
239,Eugenie Forsdyke,7452394,4/20/2021
240,Lenette Macias,2099311,11/26/2020
241,Dora Sucre,6090017,7/30/2022
242,Johannes Bosanko,3140233,11/26/2021
243,Marian Belliss,4751231,8/12/2020
244,Araldo Whoolehan,6877174,12/8/2021
245,Stefan Springett,4107819,4/19/2021
246,Lisbeth Orris,4015436,1/7/2022
247,Robbert Pichan,6252502,3/1/2020
248,Valle Barnardo,1406856,4/18/2020
249,Mayor Blacker,7860065,8/27/2022
250,Kate Samet,1341184,1/20/2021
251,Heriberto Jersh,56520,7/19/2022
252,Gabriell Pedrol,814638,2/20/2021
253,Shanan Stithe,5825340,5/28/2020
254,Carlos Rignall,3753909,9/7/2019
255,Aubrette Peidro,3166921,8/11/2022
256,Alidia Rudeyeard,6992250,10/27/2019
257,Gerome Challes,4869642,8/29/2022
258,Isidro Medland,6796685,6/22/2022
259,Baldwin Richin,6687738,7/26/2021
260,Tris Koles,221267,2/4/2020
261,Dorree Rao,2522966,10/30/2020
262,Thayne Ogilby,7802858,1/15/2021
263,Dot Satterlee,4958738,8/4/2021
264,Lolly Osburn,7243415,10/30/2021
265,Brana Fidilis,3959471,4/12/2020
266,Sapphire Stodhart,1223165,3/12/2020
267,Gillie Gadsby,6673999,4/14/2021
268,Harcourt Bril,3219029,9/1/2020
269,Mignonne Dallywater,3289656,6/14/2022
270,Artemus Matiasek,8025033,10/31/2021
271,Mead Shankle,7105584,10/12/2021
272,Dev Pietzner,7268199,2/14/2020
273,Keslie O'Donovan,4236820,12/7/2019
274,Chickie Iron,8982675,3/14/2020
275,Angelle Dodgshun,526970,8/13/2021
276,Rinaldo O'Henecan,7654726,2/27/2021
277,Lionel Meriot,3051659,8/24/2020
278,Rayshell Bubear,5297313,5/7/2021
279,Vinny Ickowics,737990,9/10/2019
280,Robbin Hinzer,4854426,5/14/2021
281,Rafe Meys,3963496,10/2/2019
282,Eolande Swyn,919501,7/9/2022
283,Mil Cockell,7568179,8/26/2021
284,Giffer Swabey,3152028,4/24/2020
285,Sholom Bulfoot,8294144,1/14/2020
286,Coralyn Johnsee,595184,5/16/2020
287,Allin Bigglestone,500908,7/8/2022
288,Towny Fryett,8473808,6/9/2022
289,Rubetta Deverale,2279807,4/14/2020
290,Gail Woodroof,3143882,5/8/2020
291,Anita Cawsy,5865827,4/23/2021
292,Raven Corrett,4680633,4/17/2022
293,Farly Alekhov,3304009,8/12/2020
294,Andie Cruess,7713860,9/4/2021
295,Bradly Bullivant,2823122,8/20/2020
296,Madelaine Bachelar,5595013,6/22/2021
297,Jefferey Maharg,8197674,8/3/2022
298,Jelene Smorthit,2288673,12/18/2019
299,Hilly Gallemore,2467363,6/14/2021
300,Dani Smoughton,8918385,2/7/2022
301,Ann-marie Rumble,1560895,8/2/2020
302,Birk Oldam,3786485,11/11/2019
303,Chariot Notman,4282891,7/9/2020
304,Rossie Dooly,2991344,10/11/2021
305,Pierrette Golsthorp,6161908,1/25/2021
306,Donnie Inchley,7195282,5/24/2022
307,Mareah McNiff,7907557,2/13/2021
308,Kelcey Millington,3491815,3/19/2021
309,Bastian Hedlestone,7061147,4/12/2020
310,Forster Rodenhurst,2356469,11/4/2021
311,Maryl Taleworth,5531607,8/12/2022
312,Stefanie Grason,8559123,5/13/2021
313,Vivi Pulteneye,1742628,12/27/2021
314,Cissy Robben,7451543,3/16/2020
315,Janette Adame,5682644,12/4/2019
316,Mair Latchmore,7548139,10/28/2020
317,Baldwin Crellin,8455555,1/4/2021
318,Ingaborg Daveridge,1280951,5/24/2021
319,Althea Goatman,5144175,10/3/2020
320,Elmo Dominighi,3332027,10/12/2021
321,Waverly Perigoe,2953839,12/11/2020
322,Orin Hellewell,2777598,2/25/2022
323,Constantine Cromer,239613,1/13/2021
324,Mollie Sobieski,4339731,12/27/2020
325,Juline Wickie,4560803,7/8/2020
326,Elly Zapatero,2950960,6/24/2021
327,Coral Edwinson,3852781,4/2/2020
328,Jacenta Pointing,4623425,11/15/2021
329,Osborn Flobert,3953807,3/2/2020
330,Pippy Kingsman,6412334,2/14/2021
331,Tamera Leeke,1590251,12/5/2020
332,Ortensia Sigg,5992847,12/29/2021
333,Deana D'eath,6841893,3/18/2022
334,Mendie Pirelli,3111335,11/28/2019
335,Dael Baskeyfield,3177550,1/20/2022
336,Dorise Windibank,6871617,2/19/2021
337,Michell Slaney,4867153,8/3/2022
338,Shaine Lavallie,3682027,4/15/2021
339,Carson Halhead,1637398,3/22/2021
340,Marten Meedendorpe,7327426,9/8/2020
341,Nolly Yerby,2520253,3/28/2020
342,Gizela Laurie,3805726,1/18/2021
343,Nyssa Dunridge,4755587,6/9/2022
344,Titos McClements,8458595,2/16/2020
345,Lori Boarer,1298603,9/13/2020
346,Otha Duprey,6146695,6/4/2020
347,Earle Gemlbett,3142347,6/23/2022
348,Karla Verheyden,6454585,2/16/2022
349,Delaney Bolf,7485439,6/30/2021
350,Koressa Lain,2270049,3/6/2022
351,Rolland Franca,6205138,9/26/2021
352,Aimil Gronowe,1808058,2/23/2021
353,Udall Lindenstrauss,4075058,9/26/2021
354,Catlaina Huebner,1078110,9/4/2021
355,Herrick Hynson,289470,2/1/2021
356,Marne Sloley,8635736,6/20/2022
357,Danit Mitten,8738083,11/17/2019
358,Daron Dobel,3212660,8/8/2022
359,Caz Jobling,8468429,4/19/2021
360,Chic Lamba,684228,3/16/2020
361,Stearne Lanaway,1097405,2/16/2020
362,Malanie Fuchs,8028424,9/27/2021
363,Calhoun Rediers,8840566,8/30/2021
364,Darrin Ead,6889031,6/2/2020
365,Tansy Camilli,1374678,5/3/2022
366,Etheline Aylott,7489421,8/9/2021
367,Donny Kulver,8264859,11/19/2019
368,Genevra Eastment,4616290,10/19/2019
369,Casey Lamberteschi,4594095,2/25/2020
370,Siusan Challice,8604189,3/3/2021
371,Ellwood Click,5849085,1/16/2020
372,Jefferson Chretien,7179096,8/13/2021
373,Kimberlyn Annets,3910398,3/4/2021
374,Franklyn Hamm,4551564,8/8/2020
375,Trev Tribbeck,4289800,7/31/2021
376,Aline Brydon,4928842,6/16/2021
377,Anne Yoslowitz,5865121,12/24/2019
378,Melessa Raffles,1925527,4/23/2020
379,Brendan Andree,5795140,8/28/2022
380,Bren Gullam,2874182,3/14/2021
381,Deni Baignard,5929817,3/14/2022
382,Barris Dunsmuir,8159769,11/29/2021
383,Kassie Speddin,2240849,8/24/2020
384,Alexander Storer,2022462,2/17/2021
385,Worthington Phizackarley,6165359,11/29/2019
386,Layton Pettiward,6003474,9/25/2021
387,Wayland Corrie,2128092,5/13/2022
388,Nerty Szymanzyk,4266890,9/11/2019
389,Frederico Soutar,1556043,6/28/2021
390,Marne Offer,4046001,6/22/2020
391,Merrie Condict,1939527,6/22/2020
392,Ronny Bulch,8567696,5/6/2020
393,Noll Anetts,3268670,12/21/2020
394,Gustavo Cottam,2968750,2/17/2022
395,Jilleen Greydon,7112314,11/16/2020
396,Juliann Chilcotte,379138,5/21/2020
397,Kerrie Foucar,8350677,1/16/2021
398,Tymon Fearick,1385528,3/14/2020
399,Lyda Witson,2151141,1/13/2021
400,Ceil Laughlin,8020910,9/2/2021
401,Sandro Normanell,7687520,4/4/2020
402,Luke Brook,4360686,4/26/2021
403,Arny Tapson,1316392,9/18/2020
404,Barr Snartt,2074633,1/19/2020
405,Giustina Gouldbourn,8063460,4/19/2021
406,Deck Beharrell,5042417,2/14/2021
407,Kaia Itscowicz,2620029,2/21/2020
408,Melonie Gerrels,8879861,4/5/2022
409,Stevie Purseglove,4710574,6/15/2021
410,Madison Teenan,467763,8/28/2022
411,Lennard Jorio,581872,5/31/2021
412,Jard Tousey,5946202,2/23/2022
413,Bartolemo Yedall,2037992,11/8/2020
414,Elinore Weekly,3413688,9/24/2020
415,Chrystal Kingsnode,4130528,5/10/2020
416,Petronia Eccleshall,8550536,2/21/2020
417,Randolf Orgen,3756491,5/17/2020
418,Marigold Magister,3105147,12/11/2021
419,Franklyn Fawbert,2658639,1/2/2021
420,Mahalia Elvins,2332546,11/2/2021
421,Patrice Firmage,7627856,12/5/2020
422,Allister Temblett,1853671,6/12/2022
423,Gloria Brownlie,1416644,3/20/2022
424,Merrilee Chiverton,6803954,2/7/2021
425,Quentin Dussy,7391239,9/21/2020
426,Ximenez D'Ambrogio,7488839,2/9/2022
427,Etty Lathan,3004735,4/3/2022
428,Brooks Chattoe,6772864,10/4/2021
429,Fayth Astill,1071194,4/6/2021
430,Teri Grigoire,8882204,9/14/2019
431,Adolphe Williment,1603708,6/1/2020
432,Franciskus Drews,6265197,7/19/2022
433,Berte MacCroary,6871604,9/11/2020
434,Kala Orme,1549993,12/13/2021
435,Ozzie Maddison,1769569,1/21/2020
436,Domenic Sigmund,5369450,1/10/2022
437,Sunshine Skellon,2336248,9/20/2019
438,Merle Minster,4939452,11/28/2021
439,Sydel Quoit,2570948,4/2/2020
440,Jody Abrams,3853985,6/1/2022
441,Delcina Kits,6334832,9/17/2019
442,Delmer Yesson,6272151,4/9/2022
443,Perri Guillon,5870587,10/2/2020
444,Kingsley Oakton,8795919,12/29/2021
445,Christoph Cosby,1134372,11/6/2020
446,Bernardina Bollini,4462116,5/11/2020
447,Perri Whistlecroft,5277128,4/14/2020
448,Cort Minard,6201580,10/8/2020
449,Cordelia Simenel,104748,4/27/2021
450,Radcliffe Pedrick,983730,3/24/2022
451,Kristian Courtenay,4673431,9/27/2021
452,Gage Manuaud,1509868,12/8/2020
453,Rakel Moffatt,4577290,12/26/2020
454,Julianna Westrope,3551081,4/19/2022
455,Jemmie Gauson,4786230,3/19/2021
456,Shea Cabrara,3856232,12/21/2019
457,Hilary Ferguson,5268595,5/8/2020
458,Leone Ivy,4896616,10/11/2020
459,Helenka Henlon,7725758,3/3/2021
460,Ilaire Astridge,8392584,6/27/2020
461,Garrek Denkel,1236067,6/2/2022
462,Rhodie Hayton,8171213,8/31/2020
463,Delmar Dollar,7470864,9/12/2019
464,Marrilee Iffe,1667367,2/9/2022
465,Jody Retchford,8334627,1/11/2022
466,Izaak Skeldon,8842350,11/21/2021
467,Melesa Lovemore,5246504,5/10/2020
468,Anson Kirmond,3225924,5/23/2021
469,Flynn Kemer,1838470,12/28/2021
470,Francisca Shobbrook,4317238,11/8/2019
471,Sigrid Topp,7502133,8/19/2021
472,Rhianna Ellcome,1341082,9/17/2019
473,Ursuline Shakesby,6991541,1/6/2022
474,Lucita Tankus,3386611,11/18/2020
475,Flossie Turbefield,2666060,8/14/2022
476,Calhoun Lawther,7072969,1/29/2021
477,Merry Harrie,570911,5/23/2021
478,Alysa Augie,2388973,2/18/2022
479,Brianne Tregear,856691,2/13/2021
480,Ogdan Aizik,7195228,7/18/2022
481,Codi Grimston,4407991,11/22/2021
482,Sascha Hazell,4465600,2/2/2021
483,Monte Brownell,1075453,11/23/2020
484,Graig Mantripp,3076321,7/14/2022
485,Von Henworth,2516690,5/22/2020
486,Hazlett Littleton,60363,12/16/2019
487,Robb Spurden,771071,12/16/2019
488,Scott Kalf,3894178,5/25/2020
489,Mellicent Leitch,311386,11/21/2020
490,Kele Bronger,3086028,7/24/2020
491,Violette McNabb,1510302,6/30/2022
492,Alyssa Dinsey,8352416,4/14/2020
493,Thurston Chape,4369407,6/8/2020
494,Jacki Licciardi,950285,3/27/2020
495,Stephanus Grzegorecki,5403173,10/5/2021
496,Leicester Campa,4457276,3/15/2022
497,Talia Padkin,6508718,10/4/2021
498,Rayna Aidler,4955916,10/10/2021
499,Quint Ragat,4936128,12/20/2020
500,Pat Flaune,648774,1/15/2020
501,Roberto Imm,2965250,5/8/2022
502,Marie-ann Eicheler,1792381,2/24/2021
503,Shaughn Sarsons,126198,11/13/2020
504,Dorthea Wormell,2151462,2/23/2022
505,Kandace Heinecke,842016,6/13/2021
506,Justine Rowan,6067613,3/12/2021
507,Bing Elphick,5998747,9/3/2021
508,Johnna Grattan,961850,8/22/2021
509,Cary Wield,6541054,7/27/2020
510,Mignon Souter,2008722,8/8/2020
511,Hale Willavoys,5500912,11/16/2021
512,Palmer Colenutt,4597595,2/17/2021
513,Tracy Hapke,1521327,3/5/2020
514,Tiff Rizzello,6344816,4/11/2021
515,Samuele Burdas,7768207,7/15/2022
516,Billie Twitching,3708920,1/7/2022
517,Maria Beeby,1832344,4/12/2021
518,Patrica Brownill,877754,5/22/2020
519,Torrance Strain,2192809,4/28/2022
520,Shelba Buddington,626436,9/25/2021
521,Udale Schlag,5104582,11/11/2019
522,Calla McCarl,7304170,7/14/2022
523,Corie Starmore,3258879,8/23/2020
524,Lulu Bandiera,4715635,5/2/2021
525,Demetra Liptrot,3962596,6/7/2022
526,Marshal Remmers,7887866,2/5/2022
527,Lilyan Alen,784452,7/6/2021
528,Erina Hans,3919135,11/19/2019
529,Auberon Bernaert,5733403,3/21/2021
530,Happy Goff,5993687,7/4/2021
531,Gauthier Ranger,1203224,3/13/2021
532,Frayda Aguirrezabala,4440814,8/13/2022
533,Jackquelin Batistelli,489393,7/29/2021
534,Dominga Saynor,8072069,8/24/2020
535,Jacynth Blunsen,3517705,8/22/2021
536,Nerte Fleury,5039229,7/16/2020
537,Jobyna Dawidowitsch,4060692,8/17/2020
538,Nerte Chicken,1605729,1/21/2021
539,Alden Thorneley,4759313,8/19/2022
540,Teddy McKeaveney,1444318,11/1/2021
541,Thorsten Latehouse,5283324,4/1/2021
542,Kris Glason,403323,12/15/2021
543,Reginauld Nixon,1142594,4/11/2020
544,Lonnie Itskovitz,3509353,5/3/2021
545,Yoko Honsch,7173158,8/5/2020
546,Page Tadd,592659,1/12/2021
547,Josephina Thirtle,8483459,2/24/2022
548,Katy Vockins,1476314,12/24/2020
549,Anthia Fishly,1085621,5/5/2021
550,Benjie Kezor,2292208,6/22/2022
551,Scotti O'Harney,1566738,10/13/2019
552,Faustina Jonsson,2178399,3/15/2021
553,Jeramie Hardisty,692429,4/30/2020
554,Nataline Simmins,2894234,10/18/2020
555,Gale Duly,2786377,4/20/2022
556,Clevie Burtwell,5740146,8/23/2021
557,Drusilla Athowe,1005059,1/26/2022
558,Lew Patzelt,7711772,11/11/2020
559,Osbert Allright,4187727,3/6/2020
560,Costa MacVean,2550238,11/11/2020
561,Ardine Rowantree,4107093,3/30/2021
562,Dael Semmence,8576818,7/18/2022
563,Ewell Balharry,1575402,5/31/2020
564,Juli Jansky,5590617,12/6/2019
565,Griselda Fowley,1812203,3/26/2022
566,Eve Tribbeck,8414867,12/17/2020
567,Nanon Vanyashkin,6501704,9/13/2021
568,Shoshana Braniff,434827,4/13/2020
569,Artus Sywell,953876,5/29/2021
570,Imogene Breem,6406257,9/30/2021
571,Windham Roscher,4333169,7/14/2021
572,Monro McKinlay,4460569,5/5/2022
573,Cherrita Oylett,586630,12/7/2020
574,Les Serrels,5096736,7/11/2021
575,Guthry Tiernan,8611462,3/29/2020
576,Jayme Denzey,6610412,11/13/2021
577,Raquel Kohring,276323,2/10/2020
578,Nola Peyzer,1334787,1/12/2020
579,Karole Oliveira,7656192,1/22/2020
580,Bondy Pibsworth,1996143,3/6/2020
581,Kyrstin Alldre,6357629,8/31/2022
582,Naoma Bernade,3299046,2/27/2022
583,Hall Filson,6056474,8/9/2020
584,Lawrence Kiendl,584963,3/11/2020
585,Ruggiero Keller,3868484,8/26/2020
586,Nicky Kops,2301917,8/16/2021
587,Mahmoud Darling,5587680,11/15/2020
588,Tricia Bech,2573509,6/30/2021
589,Neddie Rushmer,7391142,10/24/2019
590,Ripley Keymar,7881362,6/20/2022
591,Alisa Fairham,885074,7/9/2020
592,Constanta Shotboult,6805005,10/15/2020
593,Piotr McFarlan,1878049,10/10/2020
594,Rica Fyers,5430381,12/18/2021
595,Pace Syder,231893,11/28/2020
596,Lyndy Lewis,3352900,6/15/2022
597,Zeb Plait,8361520,5/2/2021
598,Sibyl Sarjant,5965419,4/28/2022
599,Renie Bortoli,4416977,4/19/2021
600,Cleo Demogeot,8749325,10/27/2021
601,Normie Coomer,2809076,9/10/2021
602,Mufinella Balston,8031869,3/4/2021
603,Arleyne Fitkin,6331328,9/18/2020
604,Rikki La Rosa,6547238,11/11/2021
605,Cosette Fidoe,2041848,8/4/2021
606,Audre Coots,5546415,4/13/2022
607,Pru De Biaggi,5861079,10/3/2021
608,Glenn Dedden,3406532,12/23/2021
609,Vic Pflieger,4946217,10/15/2021
610,Marijo Leverett,5356030,2/1/2022
611,Avie Truin,1774039,8/4/2022
612,Malanie Elgy,5150728,9/19/2021
613,Tammie Claridge,6486941,6/7/2021
614,Marty Gedling,492903,1/1/2022
615,Carroll Emmer,6787652,5/30/2021
616,Kendall Kuscha,2281061,3/26/2022
617,Marcus Woller,7771304,1/29/2022
618,Michal Getch,6834664,6/13/2021
619,Rufe Ferris,2244368,1/24/2020
620,Kenna Brann,6223408,12/12/2020
621,Enriqueta Deshorts,3470839,6/30/2021
622,Arvie Keelinge,6456850,9/20/2021
623,Kevyn Tarzey,4700373,1/10/2021
624,Benoite Childerley,5150725,9/28/2019
625,Keriann Peasby,3360889,9/21/2020
626,Tabbi Brabon,3195558,10/18/2021
627,Baudoin Carver,1869387,1/6/2020
628,Elwyn Labat,6260432,7/14/2022
629,Lothaire Sheilds,4523767,7/30/2022
630,Mikaela Donaher,3790415,11/21/2020
631,Fayina Burton,1200322,10/10/2021
632,Rasia Guilayn,745007,5/18/2021
633,Chelsey Garritley,2072245,9/10/2021
634,Rachele Zapatero,318365,5/23/2021
635,Benjy Colbert,7809821,8/22/2020
636,Deerdre Beamond,2419030,9/3/2020
637,Butch Hartopp,2009950,1/9/2021
638,Marie-ann Semkins,5942592,2/8/2021
639,Brant Rayson,3485707,1/1/2020
640,Lexy Allawy,1606958,11/23/2020
641,Stepha Crichmere,7643637,1/7/2020
642,Kerri Balcock,7940237,3/15/2021
643,Bonny Badrock,3787374,2/27/2022
644,Fidela Clinning,4464129,7/14/2022
645,Lyndsie Greenin,1383764,10/27/2020
646,Donal Manicom,4430162,11/27/2020
647,Kirsteni Greenset,1928154,7/16/2022
648,Shandra Belt,7303001,4/20/2021
649,Vyky Whitrod,1240272,6/27/2021
650,Biron Alekhov,43846,3/8/2020
651,Perrine Critoph,248373,1/26/2021
652,Wilma Sawford,7153577,9/28/2019
653,Farand Kemmish,6002195,2/12/2020
654,Verna Beekmann,5475445,10/19/2020
655,Kerstin Abrehart,315324,2/15/2020
656,Modesty Cromley,6947909,5/6/2020
657,Westbrook Boas,5936983,10/18/2020
658,Lela Carlone,2438298,4/5/2020
659,Clarette Spurway,7931154,1/12/2020
660,Sebastian Clemson,8850936,2/2/2022
661,Spence Stealy,615172,3/6/2021
662,Tomasine Skarin,1376261,10/8/2020
663,Ethyl Souness,3449885,11/28/2019
664,Jodie Labbett,7904702,5/20/2022
665,Diandra Grouse,8419220,8/19/2021
666,Pepi Bohler,2042820,4/6/2021
667,Karlene Dome,6249892,4/26/2021
668,Salaidh Vickerstaff,2105591,7/25/2022
669,Lynnette Warrack,6780864,12/13/2020
670,Tomkin Mandifield,6025459,12/21/2021
671,Minny Sola,5027248,11/16/2021
672,Stacey Leary,8334695,5/22/2020
673,Lawton Grenter,1751858,11/19/2021
674,Yule Semkins,7963570,1/31/2022
675,Cesare Hawford,2491530,1/3/2022
676,Carl Rainsdon,5637613,6/4/2022
677,Frederich Cardno,8502265,6/3/2020
678,Rosetta Henrion,7634314,9/18/2021
679,Wandis Toby,704397,6/11/2022
680,Myranda Lantoph,5836778,8/1/2020
681,Jasmin Calleja,6314438,5/9/2021
682,Gaile Hackelton,3342379,12/21/2019
683,Tammi Beccles,799251,12/1/2021
684,Toby Southeran,2491359,4/8/2021
685,Nannette Ryce,3986645,11/20/2021
686,Dana Benazet,4970703,3/28/2020
687,Sarajane Capin,3428799,6/22/2020
688,Madelyn Ebunoluwa,1998749,12/28/2019
689,Robert Tooke,8043974,1/16/2022
690,Tova Larkins,4102782,4/17/2021
691,Brocky Noakes,8813917,2/1/2021
692,Raye Clouston,1918909,11/2/2021
693,Lyle Cregeen,4084776,4/26/2021
694,Esther Curless,1609987,10/16/2021
695,Joby Corstorphine,976987,1/17/2022
696,Jayne Beddo,6620596,5/28/2020
697,Arnoldo Swaile,7656197,8/7/2022
698,Basilius Stryde,5121161,2/4/2022
699,Shellysheldon Bricknall,4238271,3/17/2021
700,Nara Orringe,5471946,11/5/2021
701,Mignon Crimes,382897,6/23/2021
702,Mario Denes,3130804,10/1/2019
703,Igor Antoons,6206610,8/10/2020
704,Britt MacCracken,6646529,10/22/2019
705,Freedman Hubner,5278694,4/26/2020
706,Leroy Duggan,7838453,11/16/2019
707,Meris Woehler,6595992,5/7/2022
708,Arther Thorneley,5266597,12/21/2021
709,Maridel Rawood,3903879,7/6/2020
710,Tracie Jiran,1268010,12/20/2021
711,Giuditta Kobelt,6291186,4/5/2021
712,Glennie Ellins,4543240,6/3/2020
713,Pamella Vardon,2620321,6/4/2021
714,Shepherd Stonehouse,8881663,7/27/2020
715,Carmencita Geldeard,6757523,6/20/2021
716,Kristo Mutton,4202595,9/3/2020
717,Jewelle Wavish,2404513,2/20/2021
718,Danyette Gashion,2717158,7/17/2021
719,Deina Corbin,8869485,2/10/2021
720,Sully Headford,7833705,7/10/2020
721,Thorstein Cradock,7947804,3/21/2021
722,Minette Cathrall,4782194,1/15/2022
723,Amity Redmond,6152547,9/25/2020
724,Wait Sybbe,5869852,11/17/2020
725,Byrle Busher,4393966,3/3/2022
726,Wald Soff,7969952,4/2/2020
727,Court Gooderham,5806981,3/25/2020
728,Zorana Hartford,3234098,6/27/2020
729,Kerby Baythrop,7835106,10/11/2020
730,Archaimbaud Lowing,4507454,12/30/2021
731,Elyn Nurse,2307258,12/25/2020
732,Courtney Bullers,1110019,1/1/2022
733,Lindon Lowth,6614848,12/27/2021
734,Kassey Ludovico,5394322,6/26/2021
735,Bastian Frudd,6187705,11/11/2019
736,Dudley Sheppard,1407524,7/26/2022
737,Base Hughill,5277102,7/23/2020
738,Norton Daughton,2120825,12/28/2020
739,Ara Harsnipe,7749186,12/29/2019
740,Giffy Ladlow,1619793,12/7/2020
741,Thurston Aucoate,6986446,3/6/2021
742,Cozmo Caunce,3639800,12/13/2019
743,Ashly Geere,8655360,10/7/2020
744,Bary Freegard,230866,6/24/2020
745,Tadeas Chesworth,4694555,4/5/2020
746,Kristen Schultz,5608121,6/22/2022
747,Rosamond Ketts,3511572,3/2/2020
748,Caryn Bilson,8627827,3/19/2021
749,Berti Fisbey,395680,11/16/2019
750,Harmony Tallent,8697640,5/24/2020
751,Eveleen Saulter,3744115,12/6/2019
752,Jimmie Trowl,4266796,7/21/2021
753,Somerset Wandrack,4726534,4/3/2021
754,Ellene Berthelet,2693540,9/11/2019
755,Tobit Turfus,6213690,5/1/2022
756,Stanislaw Doree,7412662,1/3/2022
757,Sterling Brisker,7997253,2/7/2022
758,Ruthie Drinkhall,8865339,5/11/2020
759,Latrina Cornels,6597621,6/8/2020
760,Luciana Pechell,6697861,10/18/2019
761,Claudette Burnsides,6896429,2/14/2022
762,Biddy Hazelby,4778881,5/31/2020
763,Aurilia Izhaky,625532,10/29/2019
764,Moyra Egan,4301570,11/6/2019
765,Elvina Dominguez,8262761,4/6/2022
766,Ganny Daveridge,7391648,10/18/2019
767,Jeana Clingoe,8331373,4/23/2020
768,Mead Chateau,1718081,11/2/2019
769,Feliks Taylot,5038682,11/8/2020
770,Geri Unger,5394493,6/17/2021
771,Flossi Yesichev,1974304,12/13/2019
772,Brannon Klampk,2472028,8/16/2022
773,Rani Whyborn,1916546,5/3/2021
774,Isobel Fydoe,6316950,10/13/2019
775,Orv Crennan,494481,8/14/2020
776,Che Moreton,6133387,4/25/2021
777,Gareth Rickeard,3607879,11/20/2021
778,Britney Langhorn,1319078,2/12/2021
779,Tamarra Millhouse,5557377,8/4/2022
780,Case Harvie,7760216,3/4/2021
781,Ludovika McDuffie,897071,4/16/2021
782,Vitia Preston,4710796,5/23/2022
783,Jaynell Windsor,7737156,9/23/2020
784,Bil Clute,3878641,10/18/2020
785,Dulciana Bendig,8198509,3/3/2022
786,Early Rawnsley,476507,2/1/2021
787,Maribelle Twelftree,7335474,6/28/2022
788,Lesley Tieraney,45312,11/28/2019
789,Latashia Sissons,8247442,7/14/2022
790,Viviene Burden,860687,11/11/2020
791,Harriet Chilcott,1443780,9/20/2020
792,Nevil Labbez,4795493,7/13/2020
793,Rollins Robun,5401599,8/1/2021
794,Brittni Warry,4761426,6/12/2020
795,Xenia Weems,1198390,5/16/2022
796,Faydra Harrow,2149417,11/30/2021
797,Zsa zsa Kingdon,3351686,7/13/2021
798,Georgeanna Mossbee,7805344,11/17/2021
799,Eduard Dran,4952486,5/9/2022
800,Ottilie McKeveney,4971311,1/26/2022
801,Killie Huke,7153034,6/17/2022
802,Tresa Massard,2069941,7/9/2020
803,Sharline Bilofsky,1610929,12/21/2021
804,Valle MacLese,7557641,4/22/2020
805,Kendra Forre,1039254,2/26/2021
806,Stillman Weatherup,3831238,4/2/2022
807,Kerrie McCaughran,4526038,5/29/2020
808,Sherry Cubitt,874087,1/19/2021
809,Emile Stickley,2419281,12/10/2019
810,Morten Clayworth,6125172,5/26/2022
811,Thorsten Simants,253008,4/7/2020
812,Hortense Tessington,4377671,1/9/2022
813,Vannie Piegrome,744125,8/6/2020
814,Jeniece Amdohr,2772300,8/5/2022
815,Marie-jeanne Westhoff,3254462,12/2/2019
816,Marlowe Fridd,1402812,8/22/2022
817,Dolorita Bradfield,3998825,12/17/2020
818,Fredelia Walby,139854,11/4/2020
819,Kaela Bausmann,4691213,7/6/2021
820,Ollie Smelley,5161425,9/4/2021
821,Reyna Kochlin,703834,3/27/2020
822,Tommy MacNalley,7594795,5/27/2022
823,Jessey Vaneev,1863556,8/9/2021
824,Sterling Crumly,416770,11/4/2019
825,Fanny Dunkerley,2023571,11/20/2019
826,Reidar Newis,7534897,9/26/2020
827,Birgitta Tilsley,8534273,10/26/2020
828,Filide Kittless,1866998,6/15/2021
829,Donella Withringten,2141120,5/5/2021
830,Gweneth Greenside,6461860,4/1/2022
831,Stoddard Greer,4488353,12/2/2020
832,Janey Roust,6420001,7/7/2022
833,Hiram Kingswoode,1345078,2/21/2021
834,Berne Gouinlock,7685525,6/1/2022
835,Heinrik Berthome,5104625,1/20/2022
836,Oralie Lemmers,3611096,7/28/2021
837,Natalya Stowers,140319,12/19/2020
838,Thedrick Couth,6007135,5/17/2020
839,Iseabal Driscoll,4527818,5/11/2021
840,Marcellus Speake,2199365,12/30/2021
841,Nahum Sewter,1194025,9/9/2020
842,Siusan Radley,796045,7/31/2020
843,Querida Drivers,5258850,4/5/2022
844,Noni Baughen,1266595,12/15/2020
845,Brett Drews,8762682,10/23/2021
846,Levi Worms,4501241,1/6/2022
847,Jeralee Blackaller,6833682,3/22/2021
848,Guilbert Abramino,8208017,7/7/2020
849,Hunfredo Floodgate,610815,6/5/2022
850,Grannie Poytheras,1337451,11/1/2021
851,Lezley Kwietek,7070178,1/6/2021
852,Morie Akram,8654227,1/19/2022
853,Chelsey Circuit,2434850,11/1/2019
854,Bernardine Arnout,3848589,12/14/2019
855,Desiri Bonner,3105119,6/25/2021
856,Johann Nestle,6971341,10/25/2019
857,Gretna Brayshaw,8350803,10/23/2021
858,Emlyn O'Crevy,6727798,11/24/2021
859,Maxwell MacPaike,1207722,1/8/2022
860,Charlie Burnham,2660243,4/10/2021
861,Gerick Obbard,7207158,5/15/2020
862,Gertruda Seton,2871982,5/4/2021
863,Darill Elfitt,8138470,7/27/2020
864,Dyana Eastcott,1302783,10/19/2019
865,Mitchel Osgerby,4453053,9/4/2021
866,Maurizia Lilly,7413046,1/10/2022
867,Veronica Vasiliu,2782713,2/12/2020
868,Fayina Westwood,4943903,1/13/2020
869,Frederich Chattell,3626874,7/28/2021
870,Carole Bollard,5018185,6/16/2021
871,Maude Rigglesford,4070441,10/17/2019
872,Yvor Gillions,2079173,1/18/2022
873,Babara Brough,1381806,5/5/2022
874,Boothe Vaune,8255273,1/21/2021
875,Cliff Zettoi,6690250,8/5/2022
876,Cornelius Stembridge,24673,4/23/2021
877,Orrin Ortas,619170,9/3/2021
878,Justen Dwelley,6441059,10/29/2020
879,Arin Grancher,4541551,5/12/2021
880,Harlie Frowde,5832903,2/22/2022
881,Alayne Cominetti,2344662,3/24/2022
882,Mel Bierling,4025265,9/8/2021
883,Toiboid Ansley,8313595,10/22/2019
884,Biddie Hauxley,8557648,4/19/2021
885,Hernando Lacer,5198097,10/6/2020
886,Toby Krauze,1446837,5/20/2020
887,Verne Copperwaite,8397582,2/9/2020
888,Sorcha Maciunas,7654322,12/2/2020
889,Dieter Beynkn,3412438,5/9/2021
890,Chryste Baudrey,8373059,1/13/2022
891,Leanor Core,3122191,5/27/2020
892,Vikky Pickin,494847,7/8/2021
893,Leanna Kretchmer,8642666,9/4/2020
894,Tanney Guillford,8098449,4/15/2020
895,Pierrette McHugh,2361574,9/14/2019
896,Karylin Pllu,843623,3/19/2022
897,Karyl Stachini,4687425,6/2/2020
898,Mic Chrishop,5888229,10/4/2021
899,Abbye Fobidge,8977918,11/11/2019
900,Orland Brewin,2945052,3/3/2021
901,Charil Meindl,2436372,12/20/2020
902,Nananne Newcome,4165260,6/19/2021
903,Stan Adrienne,5072340,1/26/2020
904,Marrilee Bairnsfather,2617932,10/16/2020
905,Saunder Gilhoolie,8336820,8/12/2021
906,Otha Huffer,1474301,8/16/2020
907,Kaine Gridley,3450736,2/27/2020
908,Konstantine Waitland,3870596,3/30/2022
909,Elle Jepp,5867519,5/23/2021
910,Konrad Tommei,5654397,6/24/2022
911,Sibella Giercke,4902002,5/7/2021
912,Armando Frankiewicz,1977450,5/30/2020
913,Dyann Dod,7200845,7/6/2022
914,Kyle Heller,7255494,7/9/2020
915,Gaylord Calwell,2470821,5/10/2020
916,Harriette Littell,6796662,6/6/2021
917,Alexandr Kemme,3533697,2/28/2021
918,Archer Aleso,5495478,8/19/2020
919,Betteanne Zuanelli,1489713,9/22/2021
920,Allsun Blackly,8961059,1/29/2020
921,Nicolas Adolfson,4499432,6/19/2020
922,Shaylyn Alexander,8851444,12/8/2020
923,Mahala Mayers,452156,6/19/2020
924,Elizabeth Okey,4975450,1/16/2022
925,Jeffie Towriss,6934843,11/18/2021
926,Theresina Callaghan,6195012,5/13/2022
927,Cary Barnardo,3308730,1/31/2020
928,Selia De Blase,4032123,11/14/2021
929,Lainey Dutt,2303430,7/27/2021
930,Deirdre Bonnesen,4157708,8/1/2021
931,Shirley Lamerton,7415698,1/26/2022
932,Guss Betho,6443649,8/5/2021
933,Cinderella Doylend,2539338,6/22/2021
934,Ollie Binner,7779249,2/1/2021
935,Lyn Kerins,7328165,3/17/2021
936,Fawnia Popley,1497555,10/13/2019
937,Haven Pudge,1275732,9/7/2019
938,Valentine Daughtry,1048216,2/17/2021
939,Batholomew Chadney,6484522,12/9/2020
940,Michaella Meconi,1396363,11/21/2021
941,Carolin Akast,7982414,8/21/2021
942,Tammie Lacroutz,4794340,1/17/2020
943,Timmie McCloud,3137023,4/29/2020
944,Lurline Oultram,5562588,11/3/2019
945,Chaim Lehrahan,2326396,12/4/2020
946,Junie Rodenborch,2834916,8/24/2022
947,Kirsten Carbine,3571856,1/14/2020
948,Kirk Crookston,952968,4/28/2022
949,Lindy Christy,1777086,3/13/2021
950,Ninnette Egglestone,2796785,9/13/2021
951,Bengt Ellinor,8994911,10/28/2019
952,Marylin Craisford,7547286,11/10/2020
953,Gwenore Greer,3587222,7/29/2022
954,Andrus Slyvester,3036584,2/21/2020
955,Sabrina Gooke,5645144,11/12/2021
956,Bernadette Ruddlesden,8952324,7/23/2020
957,Patty Thorley,3491465,9/14/2019
958,Leonhard Binnell,6853785,10/9/2020
959,Evelyn Potter,4439927,9/15/2021
960,Sianna Lowth,197620,8/15/2021
961,Pearce Luckman,158362,10/30/2021
962,Bing Crammy,1417891,3/28/2021
963,Millicent Grinnell,5090100,7/22/2022
964,Shae Tenpenny,6812051,12/1/2020
965,Fernando Souter,7431546,1/3/2021
966,Westbrooke Valencia,8216268,11/6/2021
967,Thomasina Gilpillan,6085417,3/28/2021
968,Meier Tribble,8523269,10/7/2021
969,Windy Chatteris,4259409,10/30/2019
970,Camala Hepher,2449198,12/21/2021
971,Tove Pinor,1996729,10/24/2020
972,Ashely Wilkes,1327768,8/31/2022
973,Eve Wippermann,3443846,11/11/2020
974,Liz Paulucci,2358334,12/14/2021
975,Berty Ewols,4131489,8/20/2020
976,Lenee Westphal,3517631,6/23/2022
977,Chance Baudesson,8235424,4/13/2021
978,Lucio Rens,3740413,4/22/2020
979,Zane Bougen,6707543,5/1/2022
980,Zaccaria Bulter,3326920,7/15/2021
981,Zoe Fass,7892298,5/2/2021
982,Farlie Honeywood,1644489,9/26/2021
983,Bernadina Casey,6614926,10/8/2019
984,Pepillo Lilburne,121577,5/22/2020
985,Carly Privett,5046606,2/20/2020
986,Herrick Maypes,6007880,4/3/2020
987,Shannah Butrimovich,6769152,3/15/2020
988,Bobbie Allibon,3422077,9/7/2020
989,Wade Tregiddo,1867167,5/16/2021
990,Tommi Guislin,2041687,4/15/2020
991,Adrian Syphas,1484587,9/24/2021
992,Anallese Filchagin,8882935,10/16/2020
993,Bronny O'Hear,1287417,2/11/2021
994,Rachelle Kurton,8310866,8/9/2020
995,Town Roelvink,4165138,1/2/2021
996,Laura Richings,154657,10/8/2019
997,Flin Littrick,278962,3/17/2021
998,Baily Kennaird,4855566,5/18/2021
999,Kai Halbard,5668761,9/6/2021
1000,Omero Drinkale,7346315,8/7/2021
